<project xmlns="http://maven.apache.org/POM/4.0.0" xmlns:xsi="http://www.w3.org/2001/XMLSchema-instance"
  xsi:schemaLocation="http://maven.apache.org/POM/4.0.0 http://maven.apache.org/xsd/maven-4.0.0.xsd">
  <modelVersion>4.0.0</modelVersion>

  <groupId>com.oars</groupId>
  <artifactId>tests</artifactId>
  <version>1.0-SNAPSHOT</version>
  <packaging>jar</packaging>

  <name>tests</name>
  <url>http://maven.apache.org</url>

  <properties>
    <project.build.sourceEncoding>UTF-8</project.build.sourceEncoding>
  </properties>

   
	
	<build>
		<pluginManagement>
			<plugins>
				<plugin>
					<groupId>org.codehaus.mojo</groupId>
					<artifactId>exec-maven-plugin</artifactId>
					<configuration>
						<executable>python</executable>
						<workingDirectory>src/test/python</workingDirectory>
						<environmentVariables>
							<VERSION>${project.version}</VERSION>
							<BUILD_NUMBER>${buildNumber}</BUILD_NUMBER>
							<TIMESTAMP>${timestamp}</TIMESTAMP>
						</environmentVariables>
					</configuration>
					<executions>
						<execution>
							<id>setuptools clean</id>
							<phase>clean</phase>
							<goals>
								<goal>exec</goal>
							</goals>
							<configuration>
								<arguments>
									<argument>basic-example.py</argument>
									<!-->argument>clean</argument-->
								</arguments>
							</configuration>
						</execution>
						<execution>
							<id>setuptools install</id>
							<phase>compile</phase>
							<goals>
								<goal>exec</goal>
							</goals>
							<configuration>
								<arguments>
									<argument>setup.py</argument>
									<argument>${install.goal}</argument>
								</arguments>
							</configuration>
						</execution>
						<execution>
							<id>setuptools test</id>
							<phase>test</phase>
							<goals>
								<goal>exec</goal>
							</goals>
							<configuration>
								<skip>${maven.test.skip}</skip>
								<arguments>
									<argument>setup.py</argument>
									<argument>nosetests</argument>
								</arguments>
							</configuration>
						</execution>
						<execution>
							<id>setuptools deploy</id>
							<phase>deploy</phase>
							<goals>
								<goal>exec</goal>
							</goals>
							<configuration>
								<arguments>
									<argument>setup.py</argument>
									<argument>register</argument>
									<argument>sdist</argument>
									<argument>upload</argument>
								</arguments>
							</configuration>
						</execution>
					</executions>
				</plugin>
			</plugins>
		</pluginManagement>
	</build>

	<profiles>
		<profile>
			<id>cis</id>
			<activation>
				<property>
					<name>cis</name>
				</property>
			</activation>
			<properties>
				<install.goal>install</install.goal>
			</properties>
		</profile>
	</profiles>
</project>
